{"custom_id": "6_230", "response": "1. Compare names: \"citrus\" vs. \"le chardonnay (los angeles)\" - different names.\n2. Compare addresses: \"6703 melrose ave.\" vs. \"8284 melrose ave.\" - different addresses.\n3. Compare cities: both are in \"los angeles\" - same city.\n4. Compare phone numbers: \"213/857-0034\" vs. \"213-655-8880\" - different phone numbers.\n5. Compare types: \"californian\" vs. \"french bistro\" - different types.\n6. Compare classes: 6 vs. 12 - different classes.\n\nThe differences in name, address, phone number, type, and class indicate that these are likely different entities. \n\nAnswer: No.", "ground_truth": 0}
{"custom_id": "22_240", "response": "1. **Name Comparison**: Both entities share the name \"Yujean Kang's,\" but Entity 1 specifies \"gourmet Chinese cuisine,\" while Entity 2 shortens it to \"Yujean Kang's.\" This could indicate the same restaurant with a different naming style.\n\n2. **Address Comparison**: Both entities list the same address, \"67 N. Raymond Ave.\" This is a strong indicator they refer to the same location.\n\n3. **City Comparison**: Entity 1 lists \"Los Angeles,\" while Entity 2 lists \"Pasadena.\" However, \"67 N. Raymond Ave.\" is indeed in Pasadena, suggesting a possible error in Entity 1.\n\n4. **Phone Comparison**: The phone numbers are formatted differently but are the same (818/585-0855 vs. 818-585-0855).\n\n5. **Type and Class**: Both entities are classified under Asian cuisine, with Entity 1 specifying \"Chinese,\" which aligns with the type in Entity 2.\n\nConsidering the address and phone number match, and the discrepancies can be explained, these entities likely refer to the same restaurant.\n\nAnswer: Yes.", "ground_truth": 1}
{"custom_id": "501_214", "response": "1. Compare names: \"oritalia\" vs. \"trio cafe\" - different names.\n2. Compare addresses: \"1915 fillmore st.\" vs. \"1870 fillmore st.\" - different addresses.\n3. Compare cities: both are in \"san francisco\" - same city.\n4. Compare phone numbers: \"415/346 -1333\" vs. \"415-563-2248\" - different numbers.\n5. Compare types: \"italian\" vs. \"american\" - different types.\n6. Compare classes: 501 vs. 749 - different classes.\n\nThe entities have different names, addresses, phone numbers, types, and classes. They do not refer to the same real-world entity.\n\nAnswer: No.", "ground_truth": 0}
{"custom_id": "38_256", "response": "1. Both entities share the same name: \"jo jo\".\n2. The addresses are identical: \"160 e. 64th st.\".\n3. The cities are similar but slightly different: \"new york\" vs. \"new york city\". This could be a minor variation in naming.\n4. The phone numbers are formatted differently but represent the same digits: \"212/223-5656\" vs. \"212-223-5656\".\n5. The types differ: \"american\" vs. \"french bistro\", indicating different culinary focuses.\n\nDespite some differences, the core identifiers (name and address) match closely, suggesting they likely refer to the same entity, possibly with a change in cuisine type or classification.\n\nAnswer: Yes.", "ground_truth": 1}
{"custom_id": "70_130", "response": "1. **Name Comparison**: Entity 1 is \"palace court\" while Entity 2 is \"michael's (las vegas)\". They are different names.\n2. **Address Comparison**: Entity 1's address is \"3570 las vegas blvd. s\" and Entity 2's is \"3595 las vegas blvd. s.\" The addresses differ.\n3. **City Comparison**: Both entities are in \"las vegas\", which matches.\n4. **Phone Comparison**: Entity 1 has the phone number \"702/731-7547\" and Entity 2 has \"702-737-7111\". The phone numbers differ.\n5. **Type Comparison**: Both are classified as \"continental\", which matches.\n6. **Class Comparison**: Entity 1 has a class of 70, while Entity 2 has a class of 664. The classes differ.\n\nGiven the differences in name, address, phone number, and class, these entities do not refer to the same real-world entity.\n\nAnswer: No.", "ground_truth": 0}
{"custom_id": "384_300", "response": "1. Compare names: \"beesley's of buckhead\" vs. \"hedgerose heights inn the\" - different names.\n2. Compare addresses: \"260 e. paces ferry road\" vs. \"490 e. paces ferry rd. ne\" - different addresses.\n3. Compare cities: both are in \"atlanta\" - same city.\n4. Compare phone numbers: \"404/264-1334\" vs. \"404-233-7673\" - different phone numbers.\n5. Compare types: both are \"continental\" - same type.\n6. Compare classes: 384 vs. 82 - different classes.\n\nThe names, addresses, phone numbers, and classes differ significantly, indicating they refer to different entities despite sharing the same city and type. \n\nAnswer: No.", "ground_truth": 0}
{"custom_id": "76_26", "response": "1. Compare names: \"bone's\" vs. \"joe's\" - different names.\n2. Compare addresses: \"3130 piedmont road\" vs. \"1023 abbot kinney blvd.\" - different addresses.\n3. Compare cities: \"atlanta\" vs. \"venice\" - different cities.\n4. Compare phone numbers: \"404/237-2663\" vs. \"310-399-5811\" - different phone numbers.\n5. Compare types: \"american\" vs. \"american (new)\" - similar but not identical.\n6. Compare classes: \"76\" vs. \"560\" - different classes.\n\nAll fields indicate that these are distinct entities. \n\nAnswer: No.", "ground_truth": 0}
{"custom_id": "147_23", "response": "1. Compare names: \"le colonial\" vs. \"jan's family restaurant\" - different names.\n2. Compare addresses: \"8783 beverly blvd.\" vs. \"8424 beverly blvd.\" - different addresses.\n3. Compare cities: \"los angeles\" vs. \"la\" - similar but not identical.\n4. Compare phone numbers: \"310/289-0660\" vs. \"213-651-2866\" - different numbers.\n5. Compare types: \"asian\" vs. \"coffee shops\" - different types.\n6. Compare classes: 144 vs. 557 - different classes.\n\nAll fields indicate that these are distinct entities. \n\nAnswer: No.", "ground_truth": 0}
{"custom_id": "83_301", "response": "1. Both entities share the same name: \"heera of india.\"\n2. The addresses are similar, with Entity 1 including \"rio shopping mall,\" which could be a specific location within the address of Entity 2.\n3. The cities match: both are in Atlanta.\n4. Phone numbers are formatted differently but represent the same number.\n5. The type differs slightly: \"asian\" vs. \"indian,\" but both refer to the same cuisine category.\n\nThe similarities in name, address, city, and phone number, along with the minor differences, suggest they refer to the same entity.\n\nAnswer: Yes.", "ground_truth": 1}
{"custom_id": "90_148", "response": "1. Compare names: \"dining room ritz-carlton buckhead\" vs. \"brookhaven cafe\" - different names.\n2. Compare addresses: \"3434 peachtree rd.\" vs. \"4274 peachtree rd.\" - different addresses.\n3. Compare cities: both are in \"atlanta\" - same city.\n4. Compare phone numbers: \"404/237-2700\" vs. \"404-231-5907\" - different phone numbers.\n5. Compare types: \"international\" vs. \"vegetarian\" - different types.\n6. Compare classes: 90 vs. 682 - different classes.\n\nThe names, addresses, phone numbers, types, and classes are all different, indicating they refer to distinct entities.\n\nAnswer: No.", "ground_truth": 0}
{"custom_id": "197_251", "response": "1. **Name**: Different (Bruno vs. Felidia).\n2. **Address**: Similar street but different numbers (240 vs. 243).\n3. **City**: Similar (New York vs. New York City).\n4. **Phone**: Different numbers (212/688-4190 vs. 212-758-1479).\n5. **Type**: Same (Italian).\n6. **Class**: Different (195 vs. 33).\n\nDespite both being Italian restaurants in New York, the differences in name, address, phone number, and class suggest they are distinct entities. \n\nAnswer: No.", "ground_truth": 0}
{"custom_id": "119_82", "response": "1. Compare names: \"border grill\" vs. \"jackson diner\" - different names.\n2. Compare addresses: \"4th st.\" vs. \"37-03 74th st.\" - different addresses.\n3. Compare cities: \"los angeles\" vs. \"queens\" - different cities.\n4. Compare phone numbers: \"310/451-1655\" vs. \"718-672-1232\" - different phone numbers.\n5. Compare types: \"mexican\" vs. \"indian\" - different types of cuisine.\n6. Compare classes: \"116\" vs. \"616\" - different classes.\n\nAll fields indicate that these are distinct entities. \n\nAnswer: No.", "ground_truth": 0}
{"custom_id": "68_288", "response": "1. Compare names: \"coyote cafe\" vs. \"palace court\" - different names.\n2. Compare addresses: \"3799 las vegas blvd. s\" vs. \"3570 las vegas blvd. s.\" - different addresses.\n3. Compare cities: both are in \"las vegas\" - same city.\n4. Compare phone numbers: \"702/891-7349\" vs. \"702-731-7110\" - different phone numbers.\n5. Compare types: \"southwestern\" vs. \"french (new)\" - different types.\n6. Compare classes: 68 vs. 70 - different classes.\n\nAll key identifiers (name, address, phone, type, class) are different. Therefore, these entities refer to different real-world entities.\n\nAnswer: No.", "ground_truth": 0}
{"custom_id": "143_0", "response": "1. Compare names: \"jack sprat's grill\" vs. \"apple pan the\" - different names.\n2. Compare addresses: \"10668 w. pico blvd.\" vs. \"10801 w. pico blvd.\" - different addresses.\n3. Compare cities: \"los angeles\" vs. \"west la\" - different cities, though they are close.\n4. Compare phone numbers: \"310/837-6662\" vs. \"310-475-3585\" - different phone numbers.\n5. Compare types: \"health food\" vs. \"american\" - different types of cuisine.\n6. Compare classes: 140 vs. 534 - different classifications.\n\nAll fields indicate that these are distinct entities. \n\nAnswer: No.", "ground_truth": 0}
{"custom_id": "437_130", "response": "1. Compare names: Entity 1 is \"circus circus,\" while Entity 2 is \"michael's (las vegas).\" They are different names.\n2. Compare addresses: Entity 1 is at \"2880 las vegas blvd. s,\" and Entity 2 is at \"3595 las vegas blvd. s.\" The addresses are different.\n3. Compare cities: Both are in \"las vegas,\" which matches.\n4. Compare phone numbers: Entity 1 has \"702/734 -0410,\" and Entity 2 has \"702-737-7111.\" The phone numbers are different.\n5. Compare types: Entity 1 is a buffet, while Entity 2 is continental. They are different types.\n6. Compare classes: Entity 1 has class 437, and Entity 2 has class 664. The classes are different.\n\nGiven the significant differences in names, addresses, phone numbers, types, and classes, these entities refer to different real-world entities.\n\nAnswer: No.", "ground_truth": 0}
{"custom_id": "292_89", "response": "1. Compare names: \"le perigord\" vs. \"la grenouille\" - different names.\n2. Compare addresses: \"405 e. 52nd st.\" vs. \"3 e. 52nd st.\" - different addresses.\n3. Compare cities: \"new york\" vs. \"new york city\" - similar but not identical.\n4. Compare phone numbers: \"212/755-6244\" vs. \"212-752-1495\" - different numbers.\n5. Compare types: \"french\" vs. \"french (classic)\" - similar but not identical.\n6. Compare classes: 291 vs. 623 - different classes.\n\nAll key fields indicate that these are distinct entities. \n\nAnswer: No.", "ground_truth": 0}
{"custom_id": "42_275", "response": "1. Compare names: \"les celebrites\" vs. \"san domenico\" - different names.\n2. Compare addresses: \"160 central park s\" vs. \"240 central park s.\" - different addresses.\n3. Compare cities: \"new york\" vs. \"new york city\" - similar but not identical.\n4. Compare phone numbers: \"212/484-5113\" vs. \"212-265-5959\" - different numbers.\n5. Compare types: \"french\" vs. \"italian\" - different types.\n6. Compare classes: \"42\" vs. \"57\" - different classes.\n\nAll fields indicate that these are distinct entities. \n\nAnswer: No.", "ground_truth": 0}
{"custom_id": "431_288", "response": "1. Compare names: \"bugsy's diner\" vs. \"palace court\" - different names.\n2. Compare addresses: \"3555 las vegas blvd. s\" vs. \"3570 las vegas blvd. s.\" - different addresses.\n3. Compare cities: both are in \"las vegas\" - same city.\n4. Compare phone numbers: \"702/733-3111\" vs. \"702-731-7110\" - different phone numbers.\n5. Compare types: \"coffee shops/diners\" vs. \"french (new)\" - different types.\n6. Compare classes: 431 vs. 70 - different classes.\n\nAll key identifiers (name, address, phone, type, class) indicate these are different entities. \n\nAnswer: No.", "ground_truth": 0}
{"custom_id": "131_233", "response": "1. The names \"dive !\" and \"palm the ( los angeles )\" are distinctly different.\n2. The addresses differ: \"10250 santa monica blvd.\" vs. \"9001 santa monica blvd.\".\n3. The cities are also different: \"los angeles\" vs. \"w. hollywood\".\n4. The phone numbers are different: \"310/788 -\" vs. \"310-550-8811\".\n5. The types of establishments are different: \"dive american\" vs. \"steakhouses\".\n6. The class identifiers (128 vs. 15) are also different.\n\nGiven the significant differences in name, address, city, phone, type, and class, these entities do not refer to the same real-world entity.\n\nAnswer: No.", "ground_truth": 0}
{"custom_id": "405_172", "response": "1. Compare names: \"luna si\" vs. \"nava\" - different names.\n2. Compare addresses: \"1931 peachtree rd.\" vs. \"3060 peachtree rd.\" - different addresses.\n3. Compare cities: both are in \"atlanta\" - same city.\n4. Compare phone numbers: \"404/355 -5993\" vs. \"404-240-1984\" - different numbers.\n5. Compare types: \"continental\" vs. \"southwestern\" - different types.\n6. Compare classes: \"405\" vs. \"706\" - different classes.\n\nThe differences in name, address, phone number, type, and class indicate that these are likely different entities. \n\nAnswer: No.", "ground_truth": 0}
{"custom_id": "92_308", "response": "1. Compare names: \"toulouse\" vs. \"ritz-carlton dining room (buckhead)\" - different names.\n2. Compare addresses: \"b peachtree rd.\" vs. \"3434 peachtree rd. ne\" - different addresses.\n3. Compare cities: both are in \"atlanta\" - same city.\n4. Compare phone numbers: \"404/351 -9533\" vs. \"404-237-2700\" - different numbers.\n5. Compare types: \"french\" vs. \"american (new)\" - different types.\n6. Compare classes: \"92\" vs. \"90\" - different classes.\n\nThe entities have different names, addresses, phone numbers, types, and classes, indicating they refer to different real-world entities.\n\nAnswer: No.", "ground_truth": 0}
{"custom_id": "448_125", "response": "1. Compare names: Entity 1 is \"ralph's diner\" and Entity 2 is \"em eril's new orleans fish house.\" They have different names.\n2. Compare addresses: Entity 1 is at \"3000 las vegas blvd. s\" and Entity 2 is at \"3799 las vegas blvd. s.\" The addresses are different.\n3. Compare cities: Both are in \"las vegas,\" which matches.\n4. Compare phone numbers: Entity 1 has \"702/732-6330\" and Entity 2 has \"702-891-7374.\" The phone numbers are different.\n5. Compare types: Entity 1 is a \"coffee shop/diner\" while Entity 2 is \"seafood.\" They are different types.\n6. Compare classes: Entity 1 has class 448 and Entity 2 has class 659. The classes are different.\n\nGiven the significant differences in name, address, phone number, type, and class, these entities refer to different real-world entities.\n\nAnswer: No.", "ground_truth": 0}
{"custom_id": "84_302", "response": "Both entities share the same name, address, and city, indicating they are likely the same establishment. The phone numbers are formatted differently but represent the same digits, which is a minor discrepancy. The type classification differs (Caribbean vs. Eclectic), but this could reflect a change in menu or branding rather than indicating different entities. Given the strong similarities in key fields, they likely refer to the same real-world entity.\n\nAnswer: Yes.", "ground_truth": 1}
{"custom_id": "50_242", "response": "1. Compare names: \"oceana\" vs. \"aquavit\" - different names.\n2. Compare addresses: \"55 e. 54th st.\" vs. \"13 w. 54th st.\" - different addresses.\n3. Compare cities: \"new york\" vs. \"new york city\" - similar but not identical.\n4. Compare phone numbers: \"212/759 -5941\" vs. \"212-307-7311\" - different numbers.\n5. Compare types: \"seafood\" vs. \"scandinavian\" - different types.\n6. Compare classes: 50 vs. 24 - different classes.\n\nAll key fields indicate that these are distinct entities. \n\nAnswer: No.", "ground_truth": 0}
{"custom_id": "74_292", "response": "1. Both entities share the same name: \"abruzzi.\"\n2. The addresses are similar but have minor differences: Entity 1 includes \"peachtree battle shopping center,\" while Entity 2 specifies \"ne\" at the end of the street address.\n3. The cities are identical: \"atlanta.\"\n4. The phone numbers are formatted differently but represent the same number: 404/261-8186 vs. 404-261-8186.\n5. Both entities have the same type (italian) and class (74).\n\nDespite minor discrepancies in the address and phone formatting, the core identifiers (name, city, type, and class) align closely, suggesting they refer to the same entity.\n\nAnswer: Yes.", "ground_truth": 1}
{"custom_id": "443_126", "response": "1. Compare names: \"mandarin court\" vs. \"fiore rotisserie & grille\" - different names.\n2. Compare addresses: \"1510 e. flamingo rd.\" vs. \"3700 w. flamingo rd.\" - different addresses.\n3. Compare cities: both are in \"las vegas\" - same city.\n4. Compare phone numbers: 702/737-1234 vs. 702-252-7702 - different numbers.\n5. Compare types: \"asian\" vs. \"italian\" - different types.\n6. Compare classes: 443 vs. 660 - different classes.\n\nAll key fields indicate that these are distinct entities. \n\nAnswer: No.", "ground_truth": 0}
{"custom_id": "50_278", "response": "1. Compare names: \"oceana\" vs. \"shun lee palace\" - different names.\n2. Compare addresses: \"55 e. 54th st.\" vs. \"155 e. 55th st.\" - different addresses.\n3. Compare cities: \"new york\" vs. \"new york city\" - similar but not identical.\n4. Compare phone numbers: \"212/759 -5941\" vs. \"212-371-8844\" - different numbers.\n5. Compare types: \"seafood\" vs. \"chinese\" - different types of cuisine.\n6. Compare classes: 50 vs. 60 - different classifications.\n\nAll key fields indicate that these are distinct entities. \n\nAnswer: No.", "ground_truth": 0}
{"custom_id": "72_288", "response": "1. Compare names: \"steak house\" vs. \"palace court\" - different names.\n2. Compare addresses: \"2880 las vegas blvd. s\" vs. \"3570 las vegas blvd. s.\" - different addresses.\n3. Compare cities: both are in \"las vegas\" - same city.\n4. Compare phone numbers: \"702/734 -0410\" vs. \"702-731-7110\" - different phone numbers.\n5. Compare types: \"steak houses\" vs. \"french (new)\" - different types.\n6. Compare classes: 72 vs. 70 - different classes.\n\nThe differences in name, address, phone number, type, and class indicate that these are distinct entities. \n\nAnswer: No.", "ground_truth": 0}
{"custom_id": "429_285", "response": "1. Compare names: \"bistro\" vs. \"chin's\" - different names.\n2. Compare addresses: \"3400 las vegas blvd. s\" vs. \"3200 las vegas blvd. s.\" - different addresses.\n3. Compare cities: both are \"las vegas\" - same city.\n4. Compare phones: \"702/791-7111\" vs. \"702-733-8899\" - different phone numbers.\n5. Compare types: \"continental\" vs. \"chinese\" - different types of cuisine.\n6. Compare classes: 429 vs. 67 - different classifications.\n\nThe differences in name, address, phone number, type, and class indicate that these are distinct entities. \n\nAnswer: No.", "ground_truth": 0}
{"custom_id": "431_128", "response": "1. Compare names: \"bugsy's diner\" vs. \"madame ching's\" - different names.\n2. Compare addresses: \"3555 las vegas blvd. s\" vs. \"3300 las vegas blvd. s.\" - different addresses.\n3. Compare cities: both are in \"las vegas\" - same city.\n4. Compare phone numbers: \"702/733-3111\" vs. \"702-894-7111\" - different numbers.\n5. Compare types: \"coffee shops/diners\" vs. \"asian\" - different types.\n6. Compare classes: 431 vs. 662 - different classes.\n\nThe differences in name, address, phone number, type, and class indicate that these are distinct entities. \n\nAnswer: No.", "ground_truth": 0}
{"custom_id": "433_123", "response": "1. Compare names: \"cafe roma\" vs. \"buccaneer bay club\" - different names.\n2. Compare addresses: \"3570 las vegas blvd. s\" vs. \"3300 las vegas blvd. s.\" - different addresses.\n3. Compare cities: both are in \"las vegas\" - same city.\n4. Compare phone numbers: \"702/731-7547\" vs. \"702-894-7350\" - different phone numbers.\n5. Compare types: \"coffee shops/diners\" vs. \"continental\" - different types.\n6. Compare classes: 433 vs. 657 - different classes.\n\nThe differences in name, address, phone number, type, and class indicate that these are distinct entities. \n\nAnswer: No.", "ground_truth": 0}
{"custom_id": "442_289", "response": "1. Compare names: \"lillie langtry's\" vs. \"second street grill\" - different names.\n2. Compare addresses: \"129 e. fremont st.\" vs. \"200 e. fremont st.\" - different addresses.\n3. Compare cities: both are in \"las vegas\" - same city.\n4. Compare phone numbers: \"702/385-7111\" vs. \"702-385-6277\" - different numbers.\n5. Compare types: \"asian\" vs. \"pacific rim\" - different types.\n6. Compare classes: \"442\" vs. \"71\" - different classes.\n\nThe differences in name, address, phone number, type, and class indicate that these are distinct entities. \n\nAnswer: No.", "ground_truth": 0}
{"custom_id": "410_295", "response": "1. **Name**: \"palisades\" vs. \"brasserie le coze\" - Different names.\n2. **Address**: \"1829 peachtree rd.\" vs. \"3393 peachtree rd.\" - Different addresses.\n3. **City**: Both are in \"atlanta\" - Same city.\n4. **Phone**: \"404/350 -6755\" vs. \"404-266-1440\" - Different phone numbers.\n5. **Type**: \"continental\" vs. \"french bistro\" - Different types of cuisine.\n6. **Class**: 410 vs. 77 - Different classifications.\n\nThe differences in name, address, phone number, type, and class indicate that these are distinct entities. \n\nAnswer: No.", "ground_truth": 0}
{"custom_id": "437_136", "response": "1. Compare names: Entity 1 is \"circus circus,\" while Entity 2 is \"spago (las vegas).\" They are different names.\n2. Compare addresses: Entity 1 is at \"2880 las vegas blvd. s,\" and Entity 2 is at \"3500 las vegas blvd. s.\" The addresses are different.\n3. Compare cities: Both are in \"las vegas,\" which matches.\n4. Compare phone numbers: Entity 1 has \"702/734 -0410,\" and Entity 2 has \"702-369-6300.\" The phone numbers are different.\n5. Compare types: Entity 1 is a buffet, while Entity 2 serves Californian cuisine. They are different types.\n6. Compare classes: Entity 1 has class 437, and Entity 2 has class 670. The classes are different.\n\nGiven the differences in name, address, phone number, type, and class, these entities refer to different real-world entities.\n\nAnswer: No.", "ground_truth": 0}
{"custom_id": "165_223", "response": "1. Compare names: \"schatzi on main\" vs. \"chinois on main\" - different names.\n2. Compare addresses: \"3110 main st.\" vs. \"2709 main st.\" - different addresses.\n3. Compare cities: \"los angeles\" vs. \"santa monica\" - different cities.\n4. Compare phone numbers: \"310/399-4800\" vs. \"310-392-9025\" - different phone numbers.\n5. Compare types: \"continental\" vs. \"pacific new wave\" - different types.\n6. Compare classes: 162 vs. 5 - different classes.\n\nAll fields indicate that these are distinct entities. \n\nAnswer: No.", "ground_truth": 0}
{"custom_id": "37_255", "response": "1. Both entities share the same name: \"island spice.\"\n2. The addresses are identical: \"402 w. 44th st.\"\n3. The cities are similar; \"new york\" and \"new york city\" refer to the same location.\n4. Phone numbers are formatted differently but represent the same number (212/765-1737 vs. 212-765-1737).\n5. The type is slightly different in wording but both indicate a Caribbean theme.\n6. The class is the same (37).\n\nConsidering these points, the entities refer to the same real-world entity despite minor differences in formatting and wording.\n\nAnswer: Yes.", "ground_truth": 1}
{"custom_id": "148_238", "response": "1. **Name Comparison**: \"le dome\" vs. \"spago (los angeles)\" - Different names.\n2. **Address Comparison**: \"8720 sunset blvd.\" vs. \"8795 sunset blvd.\" - Different addresses.\n3. **City Comparison**: \"los angeles\" vs. \"w. hollywood\" - Different cities.\n4. **Phone Comparison**: \"310/659-6919\" vs. \"310-652-4025\" - Different phone numbers.\n5. **Type Comparison**: \"french\" vs. \"californian\" - Different types of cuisine.\n6. **Class Comparison**: 145 vs. 20 - Different classifications.\n\nAll fields indicate that these are distinct entities. \n\nAnswer: No.", "ground_truth": 0}
{"custom_id": "406_65", "response": "1. Compare names: \"mambo restaurante cubano\" vs. \"uncle bill's pancake house\" - different names.\n2. Compare addresses: \"1402 n. highland ave.\" vs. \"1305 highland ave.\" - different addresses.\n3. Compare cities: \"atlanta\" vs. \"manhattan beach\" - different cities.\n4. Compare phone numbers: \"404/874-2626\" vs. \"310-545-5177\" - different phone numbers.\n5. Compare types: \"caribbean\" vs. \"diners\" - different types.\n6. Compare classes: \"406\" vs. \"599\" - different classes.\n\nAll fields indicate that these are distinct entities. \n\nAnswer: No.", "ground_truth": 0}
{"custom_id": "82_141", "response": "1. Compare names: \"hedgerose heights inn\" vs. \"103 west\" - different names.\n2. Compare addresses: \"490 e. paces ferry rd.\" vs. \"103 w. paces ferry rd.\" - different addresses.\n3. Compare cities: both are in \"atlanta\" - same city.\n4. Compare phone numbers: \"404/233 -7673\" vs. \"404-233-5993\" - different phone numbers.\n5. Compare types: \"international\" vs. \"continental\" - different types.\n6. Compare classes: 82 vs. 675 - different classes.\n\nThe differences in name, address, phone number, type, and class indicate that these are likely different entities. \n\nAnswer: No.", "ground_truth": 0}
{"custom_id": "146_225", "response": "1. Compare names: \"joss\" vs. \"fenix at the argyle\" - different names.\n2. Compare addresses: \"9255 sunset blvd.\" vs. \"8358 sunset blvd.\" - different addresses.\n3. Compare cities: \"los angeles\" vs. \"w. hollywood\" - different cities.\n4. Compare phone numbers: \"310/276-1886\" vs. \"213-848-6677\" - different phone numbers.\n5. Compare types: \"asian\" vs. \"french (new)\" - different types.\n6. Compare classes: 143 vs. 7 - different classes.\n\nAll fields indicate that these are distinct entities. \n\nAnswer: No.", "ground_truth": 0}
{"custom_id": "494_193", "response": "1. **Name**: \"manora\" vs. \"dusit thai\" - Different names.\n2. **Address**: \"3226 mission st.\" vs. \"3221 mission st.\" - Different addresses.\n3. **City**: Both are in \"san francisco\" - Same city.\n4. **Phone**: \"415/861 -6224\" vs. \"415-826-4639\" - Different phone numbers.\n5. **Type**: \"asian\" vs. \"thai\" - Different types of cuisine.\n6. **Class**: 494 vs. 728 - Different classifications.\n\nDespite being in the same city, the differences in name, address, phone number, type, and class indicate that these are likely two distinct entities. \n\nAnswer: No.", "ground_truth": 0}
{"custom_id": "429_131", "response": "1. Compare names: \"bistro\" vs. \"monte carlo\" - different names.\n2. Compare addresses: \"3400 las vegas blvd. s\" vs. \"3145 las vegas blvd. s.\" - different addresses.\n3. Compare cities: both are in \"las vegas\" - same city.\n4. Compare phone numbers: \"702/791 -7111\" vs. \"702-733-4524\" - different phone numbers.\n5. Compare types: \"continental\" vs. \"french (new)\" - different types.\n6. Compare classes: 429 vs. 665 - different classes.\n\nThe differences in name, address, phone number, type, and class indicate that these are distinct entities. \n\nAnswer: No.", "ground_truth": 0}
{"custom_id": "147_33", "response": "1. Compare names: \"le colonial\" vs. \"koo koo roo\" - different names.\n2. Compare addresses: \"8783 beverly blvd.\" vs. \"8393 w. beverly blvd.\" - different addresses.\n3. Compare cities: \"los angeles\" vs. \"la\" - similar but not identical.\n4. Compare phone numbers: \"310/289-0660\" vs. \"213-655-9045\" - different numbers.\n5. Compare types: \"asian\" vs. \"chicken\" - different types of cuisine.\n6. Compare classes: 144 vs. 567 - different classifications.\n\nAll fields indicate that these are distinct entities. \n\nAnswer: No.", "ground_truth": 0}
{"custom_id": "121_52", "response": "1. The names \"ca \\ ` brea '\" and \"pink \\ 's famous chili dogs\" are distinctly different.\n2. The addresses \"346 s. la brea ave.\" and \"709 n. la brea ave.\" are also different, with different street numbers and directions.\n3. The cities listed are both \"los angeles\" and \"la,\" which could refer to the same location but are not identical.\n4. The phone numbers \"213/938 -2863\" and \"213-931-4223\" are different.\n5. The types of cuisine differ: one is Italian, and the other is hot dogs.\n6. The classification numbers (118 and 586) are also different.\n\nGiven the significant differences in name, address, phone number, type, and class, these entities do not refer to the same real-world entity.\n\nAnswer: No.", "ground_truth": 0}
{"custom_id": "170_224", "response": "1. Compare names: Entity 1 is \"tommy tang's,\" while Entity 2 is \"citrus.\" They are different.\n2. Compare addresses: Entity 1 is at \"7313 melrose ave.\" and Entity 2 at \"6703 melrose ave.\" The addresses differ.\n3. Compare cities: Both are in \"los angeles,\" which matches.\n4. Compare phone numbers: Entity 1 has \"213/937-5733,\" and Entity 2 has \"213-857-0034.\" They are different.\n5. Compare types: Entity 1 is \"asian,\" while Entity 2 is \"californian.\" They differ.\n6. Compare classes: Entity 1 is class 167, and Entity 2 is class 6. They differ.\n\nGiven the significant differences in name, address, phone number, type, and class, these entities refer to different real-world entities.\n\nAnswer: No.", "ground_truth": 0}
{"custom_id": "70_285", "response": "1. Compare names: \"palace court\" vs. \"chin's\" - different names.\n2. Compare addresses: \"3570 las vegas blvd. s\" vs. \"3200 las vegas blvd. s.\" - different addresses.\n3. Compare cities: both are \"las vegas\" - same city.\n4. Compare phone numbers: \"702/731-7547\" vs. \"702-733-8899\" - different numbers.\n5. Compare types: \"continental\" vs. \"chinese\" - different types.\n6. Compare classes: 70 vs. 67 - different classes.\n\nAll key fields indicate that these are distinct entities. \n\nAnswer: No.", "ground_truth": 0}
{"custom_id": "427_133", "response": "1. Compare names: Entity 1 is \"bertolini's,\" while Entity 2 is \"morton\u2019s of chicago (las vegas).\" They are different names.\n2. Compare addresses: Entity 1 is at \"3570 las vegas blvd. s,\" and Entity 2 is at \"3200 las vegas blvd. s.\" The addresses are different.\n3. Compare cities: Both are in \"las vegas,\" which matches.\n4. Compare phone numbers: Entity 1 has \"702/735-4663,\" and Entity 2 has \"702-893-0703.\" The phone numbers are different.\n5. Compare types: Entity 1 is \"italian,\" while Entity 2 is \"steakhouses.\" They are different types.\n6. Compare classes: Entity 1 is class 427, and Entity 2 is class 667. They are different classes.\n\nGiven the significant differences in name, address, phone number, type, and class, these entities refer to different real-world entities.\n\nAnswer: No.", "ground_truth": 0}
{"custom_id": "326_278", "response": "1. Compare names: \"pen & pencil\" vs. \"shun lee palace\" - different names.\n2. Compare addresses: \"205 e. 45th st.\" vs. \"155 e. 55th st.\" - different addresses.\n3. Compare cities: \"new york\" vs. \"new york city\" - similar but not identical.\n4. Compare phone numbers: \"212/682-8660\" vs. \"212-371-8844\" - different numbers.\n5. Compare types: \"american\" vs. \"chinese\" - different types of cuisine.\n6. Compare classes: 325 vs. 60 - different classifications.\n\nAll key fields indicate that these are distinct entities. \n\nAnswer: No.", "ground_truth": 0}
{"custom_id": "72_132", "response": "1. Compare names: \"steak house\" vs. \"moongate\" - different names.\n2. Compare addresses: \"2880 las vegas blvd. s\" vs. \"3400 las vegas blvd. s.\" - different addresses.\n3. Compare cities: both are in \"las vegas\" - same city.\n4. Compare phone numbers: \"702/734 -0410\" vs. \"702-791-7352\" - different phone numbers.\n5. Compare types: \"steak houses\" vs. \"chinese\" - different types.\n6. Compare classes: 72 vs. 666 - different classes.\n\nAll key fields (name, address, phone, type, class) indicate these are different entities. \n\nAnswer: No.", "ground_truth": 0}
{"custom_id": "451_126", "response": "1. Compare names: \"viva mercado's\" vs. \"fiore rotisserie & grille\" - different names.\n2. Compare addresses: \"6182 w. flamingo rd.\" vs. \"3700 w. flamingo rd.\" - different addresses.\n3. Compare cities: both are in \"las vegas\" - same city.\n4. Compare phone numbers: \"702/871-8826\" vs. \"702-252-7702\" - different numbers.\n5. Compare types: \"mexican\" vs. \"italian\" - different types.\n6. Compare classes: 451 vs. 660 - different classes.\n\nAll key fields indicate that these are distinct entities. \n\nAnswer: No.", "ground_truth": 0}
{"custom_id": "136_232", "response": "1. Compare names: \"ed debevic's\" vs. \"matsuhisa\" - different names.\n2. Compare addresses: \"134 n. la cienega\" vs. \"129 n. la cienega blvd.\" - different addresses.\n3. Compare cities: \"los angeles\" vs. \"beverly hills\" - different cities.\n4. Compare phone numbers: \"310/659-1952\" vs. \"310-659-9639\" - different numbers.\n5. Compare types: \"american\" vs. \"seafood\" - different types of cuisine.\n6. Compare classes: 133 vs. 14 - different classifications.\n\nAll fields indicate that these are distinct entities. \n\nAnswer: No.", "ground_truth": 0}
{"custom_id": "432_291", "response": "1. Compare names: \"cafe michelle\" vs. \"till erman the\" - different names.\n2. Compare addresses: \"1350 e. flamingo rd.\" vs. \"2245 e. flamingo rd.\" - different addresses.\n3. Compare cities: both are in \"las vegas\" - same city.\n4. Compare phone numbers: \"702/735-8686\" vs. \"702-731-4036\" - different phone numbers.\n5. Compare types: \"american\" vs. \"steakhouses\" - different types.\n6. Compare classes: 432 vs. 73 - different classes.\n\nThe entities have different names, addresses, phone numbers, types, and classes. Therefore, they refer to different real-world entities.\n\nAnswer: No.", "ground_truth": 0}
{"custom_id": "72_131", "response": "1. Compare names: \"steak house\" vs. \"monte carlo\" - different names.\n2. Compare addresses: \"2880 las vegas blvd. s\" vs. \"3145 las vegas blvd. s.\" - different addresses.\n3. Compare cities: both are in \"las vegas\" - same city.\n4. Compare phone numbers: \"702/734 -0410\" vs. \"702-733-4524\" - different phone numbers.\n5. Compare types: \"steak houses\" vs. \"french (new)\" - different types.\n6. Compare classes: 72 vs. 665 - different classes.\n\nThe differences in name, address, phone number, type, and class indicate that these are distinct entities. \n\nAnswer: No.", "ground_truth": 0}
{"custom_id": "427_125", "response": "1. Compare names: Entity 1 is \"bertolini's,\" while Entity 2 is \"em eril's new orleans fish house.\" They are different.\n2. Compare addresses: Entity 1 is at \"3570 las vegas blvd. s,\" and Entity 2 is at \"3799 las vegas blvd. s.\" Different addresses.\n3. Compare cities: Both are in \"las vegas,\" which matches.\n4. Compare phone numbers: Entity 1 has \"702/735-4663,\" and Entity 2 has \"702-891-7374.\" Different phone numbers.\n5. Compare types: Entity 1 is \"italian,\" while Entity 2 is \"seafood.\" Different types.\n6. Compare classes: Entity 1 is class 427, and Entity 2 is class 659. Different classes.\n\nGiven the significant differences in names, addresses, phone numbers, types, and classes, these entities refer to different real-world entities.\n\nAnswer: No.", "ground_truth": 0}
{"custom_id": "393_310", "response": "1. Compare names: \"dante's down the hatch buckhead\" vs. \"toulouse\" - different names.\n2. Compare addresses: \"3380 peachtree rd.\" vs. \"293-b peachtree rd.\" - different addresses.\n3. Compare cities: both are in \"atlanta\" - same city.\n4. Compare phone numbers: \"404/266-1600\" vs. \"404-351-9533\" - different phone numbers.\n5. Compare types: \"continental\" vs. \"french (new)\" - different types.\n6. Compare classes: 393 vs. 92 - different classes.\n\nThe entities have different names, addresses, phone numbers, types, and classes, indicating they refer to different real-world entities.\n\nAnswer: No.", "ground_truth": 0}
{"custom_id": "68_136", "response": "1. Compare names: \"coyote cafe\" vs. \"spago (las vegas)\" - different names.\n2. Compare addresses: \"3799 las vegas blvd. s\" vs. \"3500 las vegas blvd. s.\" - different addresses.\n3. Compare cities: both are \"las vegas\" - same city.\n4. Compare phone numbers: \"702/891 -7349\" vs. \"702-369-6300\" - different phone numbers.\n5. Compare types: \"southwestern\" vs. \"californian\" - different types.\n6. Compare classes: 68 vs. 670 - different classes.\n\nThe entities have different names, addresses, phone numbers, types, and classes, indicating they refer to different establishments.\n\nAnswer: No.", "ground_truth": 0}
{"custom_id": "39_257", "response": "Both entities share the same name, \"la caravelle,\" and the address \"33 w. 55th st.\" in New York, which is consistent despite the slight variation in the city name (\"new york\" vs. \"new york city\"). The phone numbers are formatted differently but represent the same number. The type description has a minor difference (\"french\" vs. \"french (classic)\"), but this does not indicate a different entity. The class number is identical. \n\nOverall, the similarities in key fields strongly suggest they refer to the same real-world entity.\n\nAnswer: Yes.", "ground_truth": 1}
{"custom_id": "73_291", "response": "1. **Name Comparison**: \"tillerman\" vs. \"till erman the\" - The names are similar but not identical; however, they could refer to the same entity with a slight variation in naming.\n2. **Address Comparison**: Both entities share the same address: '2245 e. flamingo rd.'.\n3. **City Comparison**: Both are located in 'las vegas'.\n4. **Phone Comparison**: The phone numbers are similar (702/731-4036 vs. 702-731-4036), differing only in formatting.\n5. **Type Comparison**: Entity 1 is classified as seafood, while Entity 2 is a steakhouse. This could indicate a difference in offerings but does not definitively separate them as different entities.\n6. **Class Comparison**: Both have the same class (73).\n\nConsidering the similarities in address, city, and phone number, along with the potential for naming variations and type differences, it is reasonable to conclude they refer to the same entity.\n\nAnswer: Yes.", "ground_truth": 1}
{"custom_id": "57_275", "response": "1. Both entities share the same name: \"san domenico\".\n2. The addresses are nearly identical, with a minor difference in punctuation (missing period in Entity 1).\n3. The cities are similar; \"new york\" and \"new york city\" refer to the same location.\n4. Phone numbers are formatted differently but represent the same number.\n5. Both entities have the same type (italian) and class (57).\n\nConsidering these points, the differences are minor and do not indicate separate entities.\n\nAnswer: Yes.", "ground_truth": 1}
{"custom_id": "58_276", "response": "1. Both entities share the same name: \"second avenue deli.\"\n2. The addresses are similar: \"156 2nd ave. at 10th st.\" vs. \"156 second ave.\" The first includes a cross street, but both refer to the same location.\n3. The cities are slightly different: \"new york\" vs. \"new york city,\" but both refer to the same metropolitan area.\n4. The phone numbers are formatted differently but are the same: 212/677-0606 vs. 212-677-0606.\n5. The type is slightly different: \"delicatessen\" vs. \"delis,\" but both indicate the same category of business.\n\nConsidering these points, the entities refer to the same real-world entity despite minor differences in address details and formatting.\n\nAnswer: Yes.", "ground_truth": 1}
{"custom_id": "7_238", "response": "1. **Name**: \"fenix\" vs. \"spago (los angeles)\" - Different names.\n2. **Address**: \"8358 sunset blvd. west\" vs. \"8795 sunset blvd.\" - Different addresses.\n3. **City**: \"hollywood\" vs. \"w. hollywood\" - Different cities, though they are adjacent.\n4. **Phone**: \"213/848-6677\" vs. \"310-652-4025\" - Different phone numbers.\n5. **Type**: \"american\" vs. \"californian\" - Different types of cuisine.\n6. **Class**: \"7\" vs. \"20\" - Different classifications.\n\nThe differences in name, address, city, phone, type, and class indicate that these are likely two distinct entities. \n\nAnswer: No.", "ground_truth": 0}
{"custom_id": "142_59", "response": "1. Compare names: Entity 1 is \"il fornaio cucina italiana,\" while Entity 2 is \"ruth's chris steak house.\" They are different names.\n2. Compare addresses: Entity 1 is at \"301 n. beverly dr.\" and Entity 2 at \"224 s. beverly dr.\" Different addresses.\n3. Compare cities: Entity 1 is in \"los angeles,\" and Entity 2 is in \"beverly hills.\" Different cities.\n4. Compare phone numbers: Entity 1 has \"310/550-8330,\" and Entity 2 has \"310-859-8744.\" Different phone numbers.\n5. Compare types: Entity 1 is \"italian,\" while Entity 2 is \"steakhouses.\" Different types of cuisine.\n\nAll fields indicate that these are distinct entities. \n\nAnswer: No.", "ground_truth": 0}
{"custom_id": "433_139", "response": "1. Compare names: \"cafe roma\" vs. \"sterling brunch\" - different names.\n2. Compare addresses: \"3570 las vegas blvd. s\" vs. \"3645 las vegas blvd. s.\" - different addresses.\n3. Compare cities: both are in \"las vegas\" - same city.\n4. Compare phone numbers: 702/731-7547 vs. 702-739-4651 - different numbers.\n5. Compare types: \"coffee shops/diners\" vs. \"eclectic\" - different types.\n6. Compare classes: 433 vs. 673 - different classes.\n\nThe differences in name, address, phone number, type, and class indicate that these are distinct entities. \n\nAnswer: No.", "ground_truth": 0}
{"custom_id": "386_142", "response": "1. Compare names: \"bistango\" vs. \"alon's at the terrace\" - different names.\n2. Compare addresses: \"1100 peachtree st.\" vs. \"659 peachtree st.\" - different addresses.\n3. Compare cities: both are in \"atlanta\" - same city.\n4. Compare phone numbers: \"404/724 -0901\" vs. \"404-724-0444\" - different numbers.\n5. Compare types: \"mediterranean\" vs. \"sandwiches\" - different types.\n6. Compare classes: 386 vs. 676 - different classes.\n\nThe differences in name, address, phone number, type, and class indicate that these are distinct entities. \n\nAnswer: No.", "ground_truth": 0}
{"custom_id": "75_293", "response": "Both entities share the same name, address, city, and phone number, with only minor differences in formatting (extra punctuation in Entity 1's address and phone number). The type classification differs, with Entity 1 labeled as \"international\" and Entity 2 as \"californian.\" However, these differences do not significantly impact the identification of the entities, as they are likely to be the same restaurant with variations in classification. \n\nAnswer: Yes.", "ground_truth": 1}
{"custom_id": "32_260", "response": "1. Compare names: \"dawat\" vs. \"les celebrites\" - different names.\n2. Compare addresses: \"210 e. 58th st.\" vs. \"155 w. 58th st.\" - different addresses.\n3. Compare cities: \"new york\" vs. \"new york city\" - similar but not identical.\n4. Compare phone numbers: \"212/355-7555\" vs. \"212-484-5113\" - different numbers.\n5. Compare types: \"asian\" vs. \"french (classic)\" - different types.\n6. Compare classes: 32 vs. 42 - different classes.\n\nAll fields indicate that these are distinct entities. \n\nAnswer: No.", "ground_truth": 0}
{"custom_id": "46_250", "response": "1. **Name**: Different (March vs. Dawat).\n2. **Address**: Different (405 E. 58th St. vs. 210 E. 58th St.).\n3. **City**: Similar but slightly different (New York vs. New York City).\n4. **Phone**: Different (212/754-6272 vs. 212-355-7555).\n5. **Type**: Different (American vs. Indian).\n6. **Class**: Different (46 vs. 32).\n\nThe entities have significant differences in name, address, phone number, type, and class. These discrepancies indicate they refer to different real-world entities.\n\nAnswer: No.", "ground_truth": 0}
{"custom_id": "410_310", "response": "1. Compare names: \"palisades\" vs. \"toulouse\" - different names.\n2. Compare addresses: \"1829 peachtree rd.\" vs. \"293-b peachtree rd.\" - different addresses.\n3. Compare cities: both are in \"atlanta\" - same city.\n4. Compare phone numbers: \"404/350-6755\" vs. \"404-351-9533\" - different phone numbers.\n5. Compare types: \"continental\" vs. \"french (new)\" - different types.\n6. Compare classes: 410 vs. 92 - different classes.\n\nAll key fields indicate that these are distinct entities. \n\nAnswer: No.", "ground_truth": 0}
{"custom_id": "431_140", "response": "1. Compare names: \"bugsy's diner\" vs. \"tre visi\" - different names.\n2. Compare addresses: \"3555 las vegas blvd. s\" vs. \"3799 las vegas blvd. s.\" - different addresses.\n3. Compare cities: both are in \"las vegas\" - same city.\n4. Compare phone numbers: \"702/733-3111\" vs. \"702-891-7331\" - different numbers.\n5. Compare types: \"coffee shops/diners\" vs. \"italian\" - different types.\n6. Compare classes: 431 vs. 674 - different classes.\n\nThe differences in name, address, phone number, type, and class indicate that these are distinct entities. \n\nAnswer: No.", "ground_truth": 0}
{"custom_id": "67_190", "response": "1. Compare names: \"chin's\" vs. \"cha cha cha's\" - different names.\n2. Compare addresses: \"3200 las vegas blvd. s\" vs. \"1805 haight st.\" - different addresses.\n3. Compare cities: \"las vegas\" vs. \"san francisco\" - different cities.\n4. Compare phone numbers: \"702/733-8899\" vs. \"415-386-5758\" - different phone numbers.\n5. Compare types: \"asian\" vs. \"caribbean\" - different types.\n6. Compare classes: 67 vs. 725 - different classes.\n\nAll fields indicate that these are distinct entities. \n\nAnswer: No.", "ground_truth": 0}
{"custom_id": "0_170", "response": "1. The names differ significantly: Entity 1 is \"Arnie Morton's of Chicago,\" while Entity 2 is \"Morton's of Chicago (Atlanta).\" The addition of \"Atlanta\" in Entity 2 suggests a different location or branch.\n2. The addresses are different: Entity 1 is in Los Angeles, and Entity 2 is in Atlanta, indicating they are in separate cities.\n3. The phone numbers are also different, further supporting the idea that these are distinct entities.\n4. The types differ slightly; Entity 1 is categorized as \"American,\" while Entity 2 is specifically a \"Steakhouse,\" which may imply a different focus within the same brand.\n\nGiven these comparisons, the differences in name, address, phone number, and type suggest that these are not the same entity.\n\nAnswer: No.", "ground_truth": 0}
{"custom_id": "135_230", "response": "1. **Name**: Entity 1 is \"eclipse,\" while Entity 2 is \"le chardonnay (los angeles).\" They are different names.\n2. **Address**: Entity 1 is at \"8800 melrose ave.\" and Entity 2 at \"8284 melrose ave.\" The addresses differ.\n3. **City**: Both are in \"los angeles,\" which matches.\n4. **Phone**: Entity 1 has \"310/724-5959,\" and Entity 2 has \"213-655-8880.\" The phone numbers are different.\n5. **Type**: Entity 1 is a \"californian,\" while Entity 2 is a \"french bistro.\" They represent different types of establishments.\n6. **Class**: Entity 1 has a class of 132, and Entity 2 has a class of 12. These classes differ.\n\nConsidering the significant differences in name, address, phone, type, and class, these entities do not refer to the same real-world entity.\n\nAnswer: No.", "ground_truth": 0}
{"custom_id": "71_138", "response": "1. **Name Comparison**: Entity 1 is \"second street grille,\" while Entity 2 is \"stefano's.\" They are different names.\n2. **Address Comparison**: Entity 1 is at \"200 e. fremont st.\" and Entity 2 at \"129 fremont st.\" The addresses are different.\n3. **City Comparison**: Both are in \"las vegas,\" which matches.\n4. **Phone Comparison**: Entity 1 has the phone number \"702/385-3232,\" and Entity 2 has \"702-385-7111.\" These numbers are different.\n5. **Type Comparison**: Entity 1 is seafood, while Entity 2 is Italian. This indicates different types of cuisine.\n6. **Class Comparison**: The classes (71 and 672) are also different.\n\nGiven the significant differences in name, address, phone number, type, and class, these entities refer to different real-world entities.\n\nAnswer: No.", "ground_truth": 0}
{"custom_id": "3_236", "response": "1. Compare names: \"cafe bizou\" vs. \"pinot bistro\" - different names.\n2. Compare addresses: \"14016 ventura blvd.\" vs. \"12969 ventura blvd.\" - different addresses.\n3. Compare cities: \"sherman oaks\" vs. \"studio city\" - different cities.\n4. Compare phone numbers: \"818/788-3536\" vs. \"818-990-0500\" - different phone numbers.\n5. Compare types: \"french\" vs. \"french bistro\" - similar but not identical.\n6. Compare classes: 3 vs. 18 - different classes.\n\nAll fields indicate that these are distinct entities. \n\nAnswer: No.", "ground_truth": 0}
{"custom_id": "27_245", "response": "Both entities share the same name, \"cafe des artistes,\" and the same address, \"1 w. 67th st.\" The city is slightly different, with Entity 1 listing \"new york\" and Entity 2 listing \"new york city,\" but both refer to the same location. The phone numbers are formatted differently but represent the same number. The type of cuisine is described differently, with Entity 1 as \"continental\" and Entity 2 as \"french (classic),\" which could be a matter of interpretation rather than a definitive difference. The class is identical in both entities. \n\nGiven these considerations, the entities likely refer to the same real-world entity.\n\nAnswer: Yes.", "ground_truth": 1}
{"custom_id": "107_325", "response": "1. **Name Comparison**: Entity 1 has a longer name (\"mifune japan center kintetsu building\") while Entity 2 is simply \"mifune.\" The core name \"mifune\" is present in both.\n2. **Address Comparison**: Both entities share the same address (\"1737 post st.\") and city (\"san francisco\").\n3. **Phone Comparison**: The phone numbers are formatted differently (one uses a slash, the other a dash), but they represent the same number (415-922-0337).\n4. **Type Comparison**: Entity 1 is categorized as \"asian,\" while Entity 2 is \"japanese.\" This could indicate a slight difference in classification but does not necessarily imply they are different entities.\n5. **Class Comparison**: Both entities have the same class (107).\n\nGiven the similarities in address, phone number, and the core name, the differences are minor and do not indicate separate entities.\n\nAnswer: Yes.", "ground_truth": 1}
{"custom_id": "443_124", "response": "1. Compare names: \"mandarin court\" vs. \"buzio's in the rio\" - different names.\n2. Compare addresses: \"1510 e. flamingo rd.\" vs. \"3700 w. flamingo rd.\" - different addresses.\n3. Compare cities: both are in \"las vegas\" - same city.\n4. Compare phone numbers: \"702/737-1234\" vs. \"702-252-7697\" - different phone numbers.\n5. Compare types: \"asian\" vs. \"seafood\" - different types.\n6. Compare classes: 443 vs. 658 - different classes.\n\nAll key identifiers (name, address, phone, type, class) indicate these are different entities. \n\nAnswer: No.", "ground_truth": 0}
{"custom_id": "393_299", "response": "1. Compare names: \"dante's down the hatch buckhead\" vs. \"georgia grille\" - different names.\n2. Compare addresses: \"3380 peachtree rd.\" vs. \"2290 peachtree rd.\" - different addresses.\n3. Compare cities: both are in \"atlanta\" - same city.\n4. Compare phone numbers: \"404/266-1600\" vs. \"404-352-3517\" - different numbers.\n5. Compare types: \"continental\" vs. \"southwestern\" - different types.\n6. Compare classes: 393 vs. 81 - different classes.\n\nAll key fields indicate that these are distinct entities. \n\nAnswer: No.", "ground_truth": 0}
{"custom_id": "89_175", "response": "1. Compare names: Entity 1 is \"cafe ritz-carlton buckhead,\" while Entity 2 is \"palm the (atlanta).\" They are different names.\n2. Compare addresses: Entity 1 is at \"3434 peachtree rd.\" and Entity 2 at \"3391 peachtree rd. ne.\" The addresses are different.\n3. Compare cities: Both are in \"atlanta,\" which matches.\n4. Compare phone numbers: Entity 1 has \"404/237-2700,\" and Entity 2 has \"404-814-1955.\" The phone numbers are different.\n5. Compare types: Entity 1 is classified as \"ext 6108 international,\" while Entity 2 is a \"steakhouses.\" They are different types.\n6. Compare classes: Entity 1 is class 89, and Entity 2 is class 709. They are different classes.\n\nGiven the significant differences in name, address, phone number, type, and class, these entities do not refer to the same real-world entity.\n\nAnswer: No.", "ground_truth": 0}
{"custom_id": "15_3", "response": "1. **Name Comparison**: \"the palm\" vs. \"belvedere the\" - Different names.\n2. **Address Comparison**: \"9001 santa monica blvd.\" vs. \"9882 little santa monica blvd.\" - Different addresses.\n3. **City Comparison**: \"los angeles\" vs. \"beverly hills\" - Different cities.\n4. **Phone Comparison**: \"310/550 -8811\" vs. \"310-788-2306\" - Different phone numbers.\n5. **Type Comparison**: \"american\" vs. \"pacific new wave\" - Different types of cuisine.\n6. **Class Comparison**: 15 vs. 537 - Different classifications.\n\nAll fields indicate that these are distinct entities. \n\nAnswer: No.", "ground_truth": 0}
{"custom_id": "148_225", "response": "1. Compare names: \"le dome\" vs. \"fenix at the argyle\" - different names.\n2. Compare addresses: \"8720 sunset blvd.\" vs. \"8358 sunset blvd.\" - different addresses.\n3. Compare cities: \"los angeles\" vs. \"w. hollywood\" - different cities.\n4. Compare phone numbers: \"310/659-6919\" vs. \"213-848-6677\" - different phone numbers.\n5. Compare types: \"french\" vs. \"french (new)\" - similar but not identical.\n6. Compare classes: 145 vs. 7 - different classes.\n\nAll key fields indicate these are different entities. \n\nAnswer: No.", "ground_truth": 0}
{"custom_id": "459_319", "response": "1. **Name**: Different (bizou vs. fringale).\n2. **Address**: Similar street but different numbers (598 vs. 570).\n3. **City**: Same (San Francisco).\n4. **Phone**: Different numbers (415/543-2222 vs. 415-543-0573).\n5. **Type**: Similar (French vs. French bistro).\n6. **Class**: Different (459 vs. 101).\n\nThe differences in name, address, phone number, and class suggest these are distinct entities. The similarities in city and type do not outweigh the discrepancies. \n\nAnswer: No.", "ground_truth": 0}
{"custom_id": "202_275", "response": "1. Compare names: \"cafe botanica\" vs. \"san domenico\" - different names.\n2. Compare addresses: \"160 central park s\" vs. \"240 central park s.\" - different addresses.\n3. Compare cities: \"new york\" vs. \"new york city\" - similar but not identical.\n4. Compare phone numbers: \"212/484-5120\" vs. \"212-265-5959\" - different numbers.\n5. Compare types: \"french\" vs. \"italian\" - different types of cuisine.\n6. Compare classes: 200 vs. 57 - different classifications.\n\nAll key fields indicate that these are distinct entities. \n\nAnswer: No.", "ground_truth": 0}
{"custom_id": "422_295", "response": "1. Both entities share the same address: '3393 Peachtree Rd.' and city: Atlanta, indicating they are located at the same place.\n2. The names are different: \"tomtom\" vs. \"brasserie le coze,\" suggesting they may be different establishments.\n3. The phone numbers differ: 404/264-1163 vs. 404-266-1440, which could indicate different businesses.\n4. The types are also different: \"continental\" vs. \"french bistro,\" further suggesting they are distinct entities.\n5. Despite the same address, the differences in name, phone number, and type indicate they are likely separate entities.\n\nAnswer: No.", "ground_truth": 0}
{"custom_id": "440_127", "response": "1. Compare names: \"golden nugget hotel\" vs. \"hugo's cellar\" - different names.\n2. Compare addresses: \"129 e. fremont st.\" vs. \"202 e. fremont st.\" - different addresses.\n3. Compare cities: both are in \"las vegas\" - same city.\n4. Compare phone numbers: 702/385-7111 vs. 702-385-4011 - different numbers.\n5. Compare types: \"buffets\" vs. \"continental\" - different types.\n6. Compare classes: 440 vs. 661 - different classes.\n\nAll key fields indicate that these are distinct entities. \n\nAnswer: No.", "ground_truth": 0}
{"custom_id": "448_133", "response": "1. Compare names: \"ralph's diner\" vs. \"morton\u2019s of chicago (las vegas)\" - different names.\n2. Compare addresses: \"3000 las vegas blvd. s\" vs. \"3200 las vegas blvd. s.\" - different addresses.\n3. Compare cities: both are in \"las vegas\" - same city.\n4. Compare phone numbers: \"702/732-6330\" vs. \"702-893-0703\" - different phone numbers.\n5. Compare types: \"coffee shops/diners\" vs. \"steakhouses\" - different types.\n6. Compare classes: 448 vs. 667 - different classes.\n\nThe differences in name, address, phone number, type, and class indicate that these are distinct entities. \n\nAnswer: No.", "ground_truth": 0}
{"custom_id": "197_270", "response": "1. Compare names: \"bruno\" vs. \"petrossian\" - different names.\n2. Compare addresses: \"240 e. 58th st.\" vs. \"182 w. 58th st.\" - different addresses.\n3. Compare cities: \"new york\" vs. \"new york city\" - similar but not identical.\n4. Compare phone numbers: \"212/688 -4190\" vs. \"212-245-2214\" - different numbers.\n5. Compare types: \"italian\" vs. \"russian\" - different types of cuisine.\n6. Compare classes: 195 vs. 52 - different classifications.\n\nAll key fields indicate that these are distinct entities. \n\nAnswer: No.", "ground_truth": 0}
{"custom_id": "159_46", "response": "1. Compare names: \"posto\" vs. \"mulberry st.\" - different names.\n2. Compare addresses: \"14928 ventura blvd.\" vs. \"17040 ventura blvd.\" - different addresses.\n3. Compare cities: \"sherman oaks\" vs. \"encino\" - different cities.\n4. Compare phone numbers: \"818/784 -4400\" vs. \"818-906-8881\" - different phone numbers.\n5. Compare types: \"italian\" vs. \"pizza\" - different types of cuisine.\n6. Compare classes: \"156\" vs. \"580\" - different classes.\n\nAll fields indicate that these are distinct entities. \n\nAnswer: No.", "ground_truth": 0}
{"custom_id": "356_257", "response": "1. Compare names: \"tang pavillion\" vs. \"la caravelle\" - different names.\n2. Compare addresses: \"65 w. 55th st.\" vs. \"33 w. 55th st.\" - different addresses.\n3. Compare cities: \"new york\" vs. \"new york city\" - similar but not identical.\n4. Compare phone numbers: \"212/956-6888\" vs. \"212-586-4252\" - different numbers.\n5. Compare types: \"asian\" vs. \"french (classic)\" - different types.\n6. Compare classes: 356 vs. 39 - different classes.\n\nAll fields indicate that these are distinct entities. \n\nAnswer: No.", "ground_truth": 0}
{"custom_id": "309_256", "response": "1. Compare names: \"monkey bar\" vs. \"jo jo\" - different names.\n2. Compare addresses: \"60 e. 54th st.\" vs. \"160 e. 64th st.\" - different addresses.\n3. Compare cities: \"new york\" vs. \"new york city\" - similar but not identical.\n4. Compare phone numbers: \"212/838-2600\" vs. \"212-223-5656\" - different numbers.\n5. Compare types: \"american\" vs. \"french bistro\" - different types.\n6. Compare classes: 308 vs. 38 - different classes.\n\nAll fields indicate that these are distinct entities. \n\nAnswer: No.", "ground_truth": 0}
{"custom_id": "379_304", "response": "1. Compare names: \"abbey\" vs. \"mary mac's tea room\" - different names.\n2. Compare addresses: \"163 ponce de leon ave.\" vs. \"224 ponce de leon ave.\" - different addresses.\n3. Compare cities: both are in \"atlanta\" - same city.\n4. Compare phone numbers: \"404/876 -8532\" vs. \"404-876-1800\" - different numbers.\n5. Compare types: \"international\" vs. \"southern/soul\" - different types.\n6. Compare classes: \"379\" vs. \"86\" - different classes.\n\nAll key fields indicate that these are different entities. \n\nAnswer: No.", "ground_truth": 0}
{"custom_id": "447_129", "response": "1. Compare names: \"pamplemousse\" vs. \"mayflower cuisinier\" - different names.\n2. Compare addresses: \"400 e. sahara ave.\" vs. \"4750 w. sahara ave.\" - different addresses.\n3. Compare cities: both are in \"las vegas\" - same city.\n4. Compare phone numbers: \"702/733 -2066\" vs. \"702-870-8432\" - different phone numbers.\n5. Compare types: \"continental\" vs. \"chinese\" - different types.\n6. Compare classes: 447 vs. 663 - different classes.\n\nAll key fields (name, address, phone, type, class) indicate that these are different entities. \n\nAnswer: No.", "ground_truth": 0}
{"custom_id": "68_139", "response": "1. Compare names: \"coyote cafe\" vs. \"sterling brunch\" - different names.\n2. Compare addresses: \"3799 las vegas blvd. s\" vs. \"3645 las vegas blvd. s.\" - different addresses.\n3. Compare cities: both are in \"las vegas\" - same city.\n4. Compare phone numbers: \"702/891 -7349\" vs. \"702-739-4651\" - different phone numbers.\n5. Compare types: \"southwestern\" vs. \"eclectic\" - different types.\n6. Compare classes: 68 vs. 673 - different classes.\n\nAll key identifiers (name, address, phone, type, class) indicate these are different entities. \n\nAnswer: No.", "ground_truth": 0}
{"custom_id": "146_238", "response": "1. **Name**: \"joss\" vs. \"spago (los angeles)\" - Different names.\n2. **Address**: \"9255 sunset blvd.\" vs. \"8795 sunset blvd.\" - Different addresses.\n3. **City**: \"los angeles\" vs. \"w. hollywood\" - Different cities.\n4. **Phone**: \"310/276 -1886\" vs. \"310-652-4025\" - Different phone numbers.\n5. **Type**: \"asian\" vs. \"californian\" - Different types of cuisine.\n6. **Class**: 143 vs. 20 - Different classifications.\n\nAll fields indicate that these are distinct entities. \n\nAnswer: No.", "ground_truth": 0}
{"custom_id": "25_109", "response": "1. Compare names: \"aureole\" vs. \"sushisay\" - different names.\n2. Compare addresses: \"34 e. 61st st.\" vs. \"38 e. 51st st.\" - different addresses.\n3. Compare cities: \"new york\" vs. \"new york city\" - similar but not identical.\n4. Compare phone numbers: '212 / 319-1660' vs. '212-755-1780' - different numbers.\n5. Compare types: \"american\" vs. \"japanese\" - different types.\n6. Compare classes: 25 vs. 643 - different classes.\n\nAll fields indicate that these are distinct entities. \n\nAnswer: No.", "ground_truth": 0}
{"custom_id": "127_190", "response": "1. **Name Comparison**: Entity 1 is \"cha cha cha\", while Entity 2 is \"cha cha cha's\". The addition of \"'s\" suggests a different entity, possibly a variation or a different establishment.\n\n2. **Address Comparison**: Entity 1 is located at \"656 N. Virgil Ave.\" in Los Angeles, while Entity 2 is at \"1805 Haight St.\" in San Francisco. Different addresses indicate they are not the same location.\n\n3. **Phone Comparison**: The phone numbers are different (213/664-7723 vs. 415-386-5758), further supporting that they are distinct entities.\n\n4. **Type Comparison**: Both are categorized as Caribbean, which is a similarity, but not enough to confirm they are the same entity.\n\n5. **Class Comparison**: The class numbers (124 vs. 725) are also different, indicating they belong to different classifications.\n\nGiven the differences in name, address, phone number, and class, these entities refer to different real-world entities.\n\nAnswer: No.", "ground_truth": 0}
{"custom_id": "41_260", "response": "1. **Name**: Entity 1 is \"le bernardin\" while Entity 2 is \"les celebrites\" \u2013 different names.\n2. **Address**: Entity 1 is at \"155 w. 51st st.\" and Entity 2 at \"155 w. 58th st.\" \u2013 different addresses.\n3. **City**: Both are in New York, but Entity 2 specifies \"new york city\" \u2013 minor difference.\n4. **Phone**: Different phone numbers \u2013 not matching.\n5. **Type**: Both are French, but Entity 2 specifies \"french (classic)\" \u2013 slight variation.\n6. **Class**: Entity 1 is class 41, while Entity 2 is class 42 \u2013 different classifications.\n\nGiven the significant differences in name, address, phone number, and class, these entities do not refer to the same real-world entity.\n\nAnswer: No.", "ground_truth": 0}
{"custom_id": "429_128", "response": "1. Compare names: \"bistro\" vs. \"madame ching's\" - different names.\n2. Compare addresses: \"3400 las vegas blvd. s\" vs. \"3300 las vegas blvd. s.\" - different addresses.\n3. Compare cities: both are \"las vegas\" - same city.\n4. Compare phone numbers: \"702/791-7111\" vs. \"702-894-7111\" - different numbers.\n5. Compare types: \"continental\" vs. \"asian\" - different types.\n6. Compare classes: 429 vs. 662 - different classes.\n\nThe differences in name, address, phone number, type, and class indicate that these are distinct entities. \n\nAnswer: No.", "ground_truth": 0}
{"custom_id": "92_148", "response": "1. Compare names: \"toulouse\" vs. \"brookhaven cafe\" - different names.\n2. Compare addresses: \"b peachtree rd.\" vs. \"4274 peachtree rd.\" - different addresses.\n3. Compare cities: both are in \"atlanta\" - same city.\n4. Compare phone numbers: \"404/351 -9533\" vs. \"404-231-5907\" - different numbers.\n5. Compare types: \"french\" vs. \"vegetarian\" - different types.\n6. Compare classes: 92 vs. 682 - different classes.\n\nThe entities have different names, addresses, phone numbers, types, and classes, indicating they refer to different real-world entities.\n\nAnswer: No.", "ground_truth": 0}
{"custom_id": "70_133", "response": "1. Compare names: Entity 1 is \"palace court,\" while Entity 2 is \"morton 's of chicago ( las vegas ).\" They are different names.\n2. Compare addresses: Entity 1 is at \"3570 las vegas blvd. s,\" and Entity 2 is at \"3200 las vegas blvd. s.\" The addresses are different.\n3. Compare phone numbers: Entity 1 has \"702/731 -7547,\" and Entity 2 has \"702-893-0703.\" The phone numbers are different.\n4. Compare types: Entity 1 is classified as \"continental,\" while Entity 2 is a \"steakhouses.\" They are different types.\n5. Compare classes: Entity 1 has a class of 70, and Entity 2 has a class of 667. The classes are different.\n\nGiven the significant differences in name, address, phone number, type, and class, these entities refer to different real-world entities.\n\nAnswer: No.", "ground_truth": 0}
